<?xml version="1.0" encoding="UTF-8"?><rss version="2.0"
	xmlns:content="http://purl.org/rss/1.0/modules/content/"
	xmlns:dc="http://purl.org/dc/elements/1.1/"
	xmlns:atom="http://www.w3.org/2005/Atom"
	xmlns:sy="http://purl.org/rss/1.0/modules/syndication/"
	
	>
<channel>
	<title>
	Коментарі до: Привіт, світ!	</title>
	<atom:link href="/2021/12/09/%D0%BF%D1%80%D0%B8%D0%B2%D1%96%D1%82-%D1%81%D0%B2%D1%96%D1%82/feed/" rel="self" type="application/rss+xml" />
	<link>/2021/12/09/%d0%bf%d1%80%d0%b8%d0%b2%d1%96%d1%82-%d1%81%d0%b2%d1%96%d1%82/</link>
	<description>Track your diet!</description>
	<lastBuildDate>Thu, 09 Dec 2021 18:31:14 +0000</lastBuildDate>
	<sy:updatePeriod>
	hourly	</sy:updatePeriod>
	<sy:updateFrequency>
	1	</sy:updateFrequency>
	<generator>https://wordpress.org/?v=5.8.2</generator>
	<item>
		<title>
		Від: Коментатор WordPress		</title>
		<link>/2021/12/09/%d0%bf%d1%80%d0%b8%d0%b2%d1%96%d1%82-%d1%81%d0%b2%d1%96%d1%82/#comment-1</link>

		<dc:creator><![CDATA[Коментатор WordPress]]></dc:creator>
		<pubDate>Thu, 09 Dec 2021 18:31:14 +0000</pubDate>
		<guid isPermaLink="false">/?p=1#comment-1</guid>

					<description><![CDATA[Привіт! Це коментар.
Щоб почати модерувати, редагувати і видаляти коментарі, перейдіть в розділ Коментарів у Майстерні.
Аватари авторів коментарів завантажуються з сервісу&lt;a href=&quot;https://uk.gravatar.com&quot;&gt;Gravatar&lt;/a&gt;.]]></description>
			<content:encoded><![CDATA[<p>Привіт! Це коментар.<br />
Щоб почати модерувати, редагувати і видаляти коментарі, перейдіть в розділ Коментарів у Майстерні.<br />
Аватари авторів коментарів завантажуються з сервісу<a href="https://uk.gravatar.com/">Gravatar</a>.</p>
]]></content:encoded>
		
			</item>
	</channel>
</rss>
